score	glottolog parsimony prediction	gray mcct parsimony prediction	gray posteriors parsimony prediction	glottolog ML prediction	gray mcct ML prediction	gray posteriors ML prediction	most common prediction	HL prediction
glottolog parsimony prediction	NA	0.9539473684210527	0.9664473684210526	0.9565508021390374	0.9244505494505495	0.9017094017094017	0.9355263157894737	0.8956521739130435
gray mcct parsimony prediction	0.9539473684210527	NA	0.9784031413612565	0.9177807486631016	0.9173497267759563	0.9017094017094017	0.9289473684210526	0.8608695652173913
gray posteriors parsimony prediction	0.9664473684210526	0.9784031413612565	NA	0.9278074866310161	0.9275956284153005	0.9102564102564102	0.930921052631579	0.8695652173913043
glottolog ML prediction	0.9565508021390374	0.9177807486631016	0.9278074866310161	NA	0.9004120879120879	0.8846153846153846	0.9097593582887701	0.8695652173913043
gray mcct ML prediction	0.9244505494505495	0.9173497267759563	0.9275956284153005	0.9004120879120879	NA	0.9358974358974359	0.9217032967032968	0.8640350877192983
gray posteriors ML prediction	0.9017094017094017	0.9017094017094017	0.9102564102564102	0.8846153846153846	0.9358974358974359	NA	0.8803418803418803	0.868421052631579
most common prediction	0.9355263157894737	0.9289473684210526	0.930921052631579	0.9097593582887701	0.9217032967032968	0.8803418803418803	NA	0.8869565217391304
HL prediction	0.8956521739130435	0.8608695652173913	0.8695652173913043	0.8695652173913043	0.8640350877192983	0.868421052631579	0.8869565217391304	NA
